{"holes":{"Main_18":{"track":"Main","ref":"18","green":[-95.33231065,49.6856045],"line":[[-95.3362817,49.6830687],[-95.3336746,49.684096],[-95.3324837,49.6847173],[-95.332312,49.6856197]],"tee":[-95.3362817,49.6830687],"bounds":[-95.3362817,49.6830687,-95.33231065,49.6856197]},"Main_17":{"track":"Main","ref":"17","green":[-95.336856,49.68247275],"line":[[-95.3378481,49.6813749],[-95.3368342,49.6824821]],"tee":[-95.3378481,49.6813749],"bounds":[-95.3378481,49.6813749,-95.3368342,49.6824821]},"Main_16":{"track":"Main","ref":"16","green":[-95.33869295,49.68159255],"line":[[-95.3356969,49.6844986],[-95.3378266,49.6829541],[-95.3386077,49.6817174],[-95.3386903,49.6815866]],"tee":[-95.3356969,49.6844986],"bounds":[-95.33869295,49.6815866,-95.3356969,49.6844986]},"Main_15":{"track":"Main","ref":"15","green":[-95.3365519,49.684853950000004],"line":[[-95.3411311,49.6820517],[-95.3395003,49.6836101],[-95.336566,49.6848422]],"tee":[-95.3411311,49.6820517],"bounds":[-95.3411311,49.6820517,-95.3365519,49.684853950000004]},"Main_14":{"track":"Main","ref":"14","green":[-95.3416598,49.6814112],"line":[[-95.3444423,49.6785893],[-95.3427404,49.6800107],[-95.3416622,49.681413]],"tee":[-95.3444423,49.6785893],"bounds":[-95.3444423,49.6785893,-95.3416598,49.681413]},"Main_13":{"track":"Main","ref":"13","green":[-95.34538040000001,49.678660050000005],"line":[[-95.3446072,49.6834331],[-95.3453207,49.6786396]],"tee":[-95.3446072,49.6834331],"bounds":[-95.34538040000001,49.6786396,-95.3446072,49.6834331]},"Main_12":{"track":"Main","ref":"12","green":[-95.34428405,49.6838075],"line":[[-95.3421986,49.6840787],[-95.3442639,49.6838045]],"tee":[-95.3421986,49.6840787],"bounds":[-95.34428405,49.6838045,-95.3421986,49.6840787]},"Main_11":{"track":"Main","ref":"11","green":[-95.34152135,49.68374505],"line":[[-95.3389424,49.6863659],[-95.3391945,49.6850817],[-95.3400099,49.6843633],[-95.3415281,49.6837524]],"tee":[-95.3389424,49.6863659],"bounds":[-95.3415281,49.68374505,-95.3389424,49.6863659]},"Main_10":{"track":"Main","ref":"10","green":[-95.33848175,49.6867481],"line":[[-95.3336826,49.6855902],[-95.3367806,49.6862062],[-95.338465,49.6867546]],"tee":[-95.3336826,49.6855902],"bounds":[-95.33848175,49.6855902,-95.3336826,49.6867546]},"Main_9":{"track":"Main","ref":"9","green":[-95.33341235,49.6865338],"line":[[-95.3384328,49.6874036],[-95.3351283,49.686942],[-95.3334439,49.6865394]],"tee":[-95.3384328,49.6874036],"bounds":[-95.3384328,49.6865338,-95.33341235,49.6874036]},"Main_8":{"track":"Main","ref":"8","green":[-95.33926395,49.6869767],"line":[[-95.3406349,49.6859303],[-95.3392334,49.6869845]],"tee":[-95.3406349,49.6859303],"bounds":[-95.3406349,49.6859303,-95.3392334,49.6869845]},"Main_7":{"track":"Main","ref":"7","green":[-95.34162265,49.68582615],"line":[[-95.3448594,49.6840544],[-95.3437167,49.6851095],[-95.3415683,49.6858244]],"tee":[-95.3448594,49.6840544],"bounds":[-95.3448594,49.6840544,-95.3415683,49.68582615]},"Main_6":{"track":"Main","ref":"6","green":[-95.34513559999999,49.683415749999995],"line":[[-95.3460878,49.6793616],[-95.3460395,49.681151],[-95.3455541,49.6826209],[-95.3451115,49.6833984]],"tee":[-95.3460878,49.6793616],"bounds":[-95.3460878,49.6793616,-95.3451115,49.683415749999995]},"Main_5":{"track":"Main","ref":"5","green":[-95.3469441,49.679508299999995],"line":[[-95.3475603,49.6813367],[-95.3469354,49.6795178]],"tee":[-95.3475603,49.6813367],"bounds":[-95.3475603,49.679508299999995,-95.3469354,49.6813367]},"Main_4":{"track":"Main","ref":"4","green":[-95.34728340000001,49.6821252],"line":[[-95.3454119,49.6849949],[-95.3466564,49.6835546],[-95.3472814,49.6821194]],"tee":[-95.3454119,49.6849949],"bounds":[-95.34728340000001,49.6821194,-95.3454119,49.6849949]},"Main_3":{"track":"Main","ref":"3","green":[-95.34476215000001,49.685388],"line":[[-95.3431427,49.6864743],[-95.3447789,49.6853767]],"tee":[-95.3431427,49.6864743],"bounds":[-95.3447789,49.6853767,-95.3431427,49.6864743]},"Main_2":{"track":"Main","ref":"2","green":[-95.34246949999999,49.68689685],"line":[[-95.3361623,49.6882335],[-95.3391516,49.6881497],[-95.3414208,49.6874001],[-95.3424507,49.6869281]],"tee":[-95.3361623,49.6882335],"bounds":[-95.34246949999999,49.68689685,-95.3361623,49.6882335]},"Main_1":{"track":"Main","ref":"1","green":[-95.33645935,49.687732800000006],"line":[[-95.3326392,49.686647],[-95.3345919,49.6876083],[-95.3364426,49.6877506]],"tee":[-95.3326392,49.686647],"bounds":[-95.33645935,49.686647,-95.3326392,49.6877506]}},"polygons":{"type":"FeatureCollection","features":[{"type":"Feature","properties":{"golf":"lateral_water_hazard"},"geometry":{"type":"Polygon","coordinates":[[[-95.3436241,49.6824008],[-95.3434292,49.6823474],[-95.3432071,49.6823662],[-95.3430554,49.6825019],[-95.3430596,49.6830067],[-95.3432547,49.6830782],[-95.3434348,49.6830234],[-95.3436241,49.6824008]]]}},{"type":"Feature","properties":{"golf":"lateral_water_hazard"},"geometry":{"type":"Polygon","coordinates":[[[-95.3412005,49.6850054],[-95.3410325,49.6848437],[-95.3407683,49.6848266],[-95.3402269,49.6848826],[-95.3400613,49.6850184],[-95.3399785,49.6850818],[-95.3397589,49.685407],[-95.3397919,49.6857018],[-95.3398446,49.6856952],[-95.3403281,49.68536],[-95.3408955,49.6850876],[-95.3412005,49.6850054]]]}},{"type":"Feature","properties":{"golf":"lateral_water_hazard"},"geometry":{"type":"Polygon","coordinates":[[[-95.342198,49.6829827],[-95.3422801,49.6828292],[-95.3421534,49.6826313],[-95.3417627,49.6824253],[-95.3415962,49.6824529],[-95.3414869,49.6826787],[-95.3415887,49.6832282],[-95.3420359,49.6835421],[-95.3425082,49.6835315],[-95.3427719,49.6835035],[-95.3427706,49.6833413],[-95.342631,49.6832606],[-95.342269,49.6831717],[-95.342198,49.6829827]]]}},{"type":"Feature","properties":{"golf":"lateral_water_hazard"},"geometry":{"type":"Polygon","coordinates":[[[-95.3432219,49.684151],[-95.3431953,49.6842953],[-95.3429751,49.6845485],[-95.3426852,49.6847658],[-95.3426587,49.6849282],[-95.3429651,49.6850173],[-95.3431867,49.6849264],[-95.3435868,49.6845914],[-95.3437375,49.6843385],[-95.3436235,49.6839963],[-95.3434695,49.6838526],[-95.3432056,49.6838626],[-95.3431097,49.6840252],[-95.3432219,49.684151]]]}},{"type":"Feature","properties":{"golf":"green"},"geometry":{"type":"Polygon","coordinates":[[[-95.3321792,49.6855919],[-95.3321725,49.6856509],[-95.3321765,49.6857038],[-95.3322449,49.6857464],[-95.3323241,49.6857568],[-95.3323911,49.6857342],[-95.3324421,49.6856847],[-95.3324488,49.6856162],[-95.3324448,49.6855659],[-95.3324193,49.6855103],[-95.3323804,49.6854687],[-95.3323227,49.6854522],[-95.3322583,49.6854661],[-95.3321967,49.6854939],[-95.3321779,49.6855468],[-95.3321792,49.6855919]]]}},{"type":"Feature","properties":{"golf":"green"},"geometry":{"type":"Polygon","coordinates":[[[-95.3368717,49.6825116],[-95.3367966,49.6825862],[-95.3367752,49.6826001],[-95.3367001,49.6825827],[-95.3366813,49.682555],[-95.3366947,49.6825046],[-95.3367618,49.6824647],[-95.3368074,49.6824144],[-95.3368932,49.6823658],[-95.3369489,49.6823454],[-95.3370146,49.6823758],[-95.3370307,49.682407],[-95.3370246,49.6824478],[-95.336969,49.6824773],[-95.3369328,49.6824882],[-95.3368717,49.6825116]]]}},{"type":"Feature","properties":{"golf":"green"},"geometry":{"type":"Polygon","coordinates":[[[-95.3387573,49.6816482],[-95.3386889,49.6817089],[-95.3386077,49.6817174],[-95.3385468,49.6816838],[-95.3385226,49.6816222],[-95.3385642,49.681571],[-95.338646,49.6815241],[-95.3386769,49.6814824],[-95.338756,49.6814677],[-95.3388459,49.6815059],[-95.3388633,49.6815605],[-95.3388391,49.6816083],[-95.3388029,49.6816274],[-95.3387573,49.6816482]]]}},{"type":"Feature","properties":{"golf":"green"},"geometry":{"type":"Polygon","coordinates":[[[-95.3366223,49.6848839],[-95.3365459,49.6849438],[-95.3364439,49.6849559],[-95.3363702,49.6849151],[-95.3363876,49.684837],[-95.3364775,49.6847876],[-95.3366089,49.684752],[-95.336692,49.6847563],[-95.3367336,49.6847928],[-95.3367081,49.6848553],[-95.3366223,49.6848839]]]}},{"type":"Feature",