{"holes":{"Main_4":{"track":"Main","ref":"4","line":[[-81.5738127,43.6323601],[-81.5727881,43.6322358],[-81.571624,43.6314748]],"tee":[-81.5738127,43.6323601],"green":[-81.571624,43.6314748],"bounds":[-81.5738127,43.6314748,-81.571624,43.6323601]},"Main_6":{"track":"Main","ref":"6","line":[[-81.5713663,43.6387882],[-81.5713126,43.6355969]],"tee":[-81.5713663,43.6387882],"green":[-81.5713126,43.6355969],"bounds":[-81.5713663,43.6355969,-81.5713126,43.6387882]},"Main_5":{"track":"Main","ref":"5","line":[[-81.571897,43.6332726],[-81.5712049,43.6318904]],"tee":[-81.571897,43.6332726],"green":[-81.5712049,43.6318904],"bounds":[-81.571897,43.6318904,-81.5712049,43.6332726]},"Main_3":{"track":"Main","ref":"3","line":[[-81.574209,43.6326242],[-81.5730986,43.6330125],[-81.5724388,43.6338162]],"tee":[-81.574209,43.6326242],"green":[-81.5724388,43.6338162],"bounds":[-81.574209,43.6326242,-81.5724388,43.6338162]},"Main_12":{"track":"Main","ref":"12","line":[[-81.5750942,43.6406006],[-81.5754804,43.641773],[-81.5726533,43.642464]],"tee":[-81.5750942,43.6406006],"green":[-81.5726533,43.642464],"bounds":[-81.5754804,43.6406006,-81.5726533,43.642464]},"Main_13":{"track":"Main","ref":"13","line":[[-81.5741983,43.6416235],[-81.5713337,43.6422718]],"tee":[-81.5741983,43.6416235],"green":[-81.5713337,43.6422718],"bounds":[-81.5741983,43.6416235,-81.5713337,43.6422718]},"Main_14":{"track":"Main","ref":"14","line":[[-81.5743753,43.6400862],[-81.5732973,43.641255],[-81.5712481,43.6417015]],"tee":[-81.5743753,43.6400862],"green":[-81.5712481,43.6417015],"bounds":[-81.5743753,43.6400862,-81.5712481,43.6417015]},"Main_17":{"track":"Main","ref":"17","line":[[-81.574703,43.6387494],[-81.5714629,43.6408924]],"tee":[-81.574703,43.6387494],"green":[-81.5714629,43.6408924],"bounds":[-81.574703,43.6387494,-81.5714629,43.6408924]},"Main_16":{"track":"Main","ref":"16","line":[[-81.5733189,43.6402635],[-81.5726645,43.6409079],[-81.5713234,43.6413194]],"tee":[-81.5733189,43.6402635],"green":[-81.5713234,43.6413194],"bounds":[-81.5733189,43.6402635,-81.5713234,43.6413194]},"Main_15":{"track":"Main","ref":"15","line":[[-81.5753091,43.6388562],[-81.5740539,43.639687]],"tee":[-81.5753091,43.6388562],"green":[-81.5740539,43.639687],"bounds":[-81.5753091,43.6388562,-81.5740539,43.639687]},"Main_8":{"track":"Main","ref":"8","line":[[-81.5736193,43.6376779],[-81.5731258,43.6389824],[-81.5718813,43.6398753]],"tee":[-81.5736193,43.6376779],"green":[-81.5718813,43.6398753],"bounds":[-81.5736193,43.6376779,-81.5718813,43.6398753]},"Main_2":{"track":"Main","ref":"2","line":[[-81.571785,43.6355504],[-81.5721283,43.6379575]],"tee":[-81.571785,43.6355504],"green":[-81.5721283,43.6379575],"bounds":[-81.5721283,43.6355504,-81.571785,43.6379575]},"Main_7":{"track":"Main","ref":"7","line":[[-81.5721283,43.6379575],[-81.5713344,43.63972]],"tee":[-81.5721283,43.6379575],"green":[-81.5713344,43.63972],"bounds":[-81.5721283,43.6379575,-81.5713344,43.63972]},"Main_1":{"track":"Main","ref":"1","line":[[-81.5725574,43.6359309],[-81.5730617,43.6375459],[-81.5722141,43.6390212]],"tee":[-81.5725574,43.6359309],"green":[-81.5722141,43.6390212],"bounds":[-81.5730617,43.6359309,-81.5722141,43.6390212]},"Main_18":{"track":"Main","ref":"18","line":[[-81.5751538,43.6385243],[-81.5738985,43.6354339]],"tee":[-81.5751538,43.6385243],"green":[-81.5738985,43.6354339],"bounds":[-81.5751538,43.6354339,-81.5738985,43.6385243]},"Main_9":{"track":"Main","ref":"9","line":[[-81.5728579,43.6351621],[-81.5747247,43.6384544]],"tee":[-81.5728579,43.6351621],"green":[-81.5747247,43.6384544],"bounds":[-81.5747247,43.6351621,-81.5728579,43.6384544]},"Main_11":{"track":"Main","ref":"11","line":[[-81.5757872,43.6383245],[-81.5756638,43.6392989]],"tee":[-81.5757872,43.6383245],"green":[-81.5756638,43.6392989],"bounds":[-81.5757872,43.6383245,-81.5756638,43.6392989]},"Main_10":{"track":"Main","ref":"10","line":[[-81.5755458,43.6373209],[-81.5758248,43.6359232],[-81.5744408,43.634743]],"tee":[-81.5755458,43.6373209],"green":[-81.5744408,43.634743],"bounds":[-81.5758248,43.634743,-81.5744408,43.6373209]}},"polygons":{"type":"FeatureCollection","features":[{"type":"Feature","properties":{"golf":"clubhouse"},"geometry":{"type":"Polygon","coordinates":[[[-81.573042,43.63488],[-81.57277,43.634706],[-81.573019,43.634501],[-81.573291,43.634675],[-81.573042,43.63488]]]}},{"type":"Feature","properties":{"golf":"water_hazard"},"geometry":{"type":"Polygon","coordinates":[[[-81.5718965,43.6328741],[-81.5723149,43.6325868],[-81.5724973,43.6320976],[-81.5720574,43.6317948],[-81.5716819,43.6319811],[-81.5715639,43.6324005],[-81.5716175,43.6327421],[-81.5718965,43.6328741]]]}},{"type":"Feature","properties":{"golf":"water_hazard"},"geometry":{"type":"Polygon","coordinates":[[[-81.5725525,43.6354573],[-81.5727885,43.6354263],[-81.5725954,43.6350924],[-81.5723272,43.6349448],[-81.5723486,43.6351623],[-81.5725525,43.6354573]]]}},{"type":"Feature","properties":{"golf":"water_hazard"},"geometry":{"type":"Polygon","coordinates":[[[-81.5745266,43.6383225],[-81.5751401,43.6378633],[-81.5760715,43.6377635],[-81.5761313,43.6375228],[-81.5760072,43.6374917],[-81.5761145,43.6372588],[-81.5759964,43.6371578],[-81.5753527,43.637647],[-81.5749343,43.6377169],[-81.5746231,43.6379887],[-81.5745266,43.6383225]]]}}]},"center":[-81.57217999166666,43.63696194166666],"bounds":[[-81.5761313,43.6317948],[-81.5715639,43.6383225]]}