{"holes":{"Main_W9":{"track":"Main","ref":"W9","line":[[-79.5961369,43.6460321],[-79.597775,43.6476796],[-79.5973995,43.6486384]],"tee":[-79.5961369,43.6460321],"green":[-79.5973995,43.6486384],"bounds":[-79.597775,43.6460321,-79.5961369,43.6486384]},"Main_W7":{"track":"Main","ref":"W7","line":[[-79.5990586,43.6447374],[-79.5977803,43.6461036],[-79.5977428,43.646779]],"tee":[-79.5990586,43.6447374],"green":[-79.5977428,43.646779],"bounds":[-79.5990586,43.6447374,-79.5977428,43.646779]},"Main_W8":{"track":"Main","ref":"W8","line":[[-79.5974198,43.6464518],[-79.5965734,43.6454418]],"tee":[-79.5974198,43.6464518],"green":[-79.5965734,43.6454418],"bounds":[-79.5974198,43.6454418,-79.5965734,43.6464518]},"Main_W5":{"track":"Main","ref":"W5","line":[[-79.601153,43.6458609],[-79.5990919,43.6459794]],"tee":[-79.601153,43.6458609],"green":[-79.5990919,43.6459794],"bounds":[-79.601153,43.6458609,-79.5990919,43.6459794]},"Main_W4":{"track":"Main","ref":"W4","line":[[-79.5999151,43.6493185],[-79.6001353,43.6471614],[-79.6007442,43.6463171]],"tee":[-79.5999151,43.6493185],"green":[-79.6007442,43.6463171],"bounds":[-79.6007442,43.6463171,-79.5999151,43.6493185]},"Main_W3":{"track":"Main","ref":"W3","line":[[-79.5994254,43.6502344],[-79.5993173,43.6492633]],"tee":[-79.5994254,43.6502344],"green":[-79.5993173,43.6492633],"bounds":[-79.5994254,43.6492633,-79.5993173,43.6502344]},"Main_W1":{"track":"Main","ref":"W1","line":[[-79.5975394,43.649974],[-79.5983275,43.6514525]],"tee":[-79.5975394,43.649974],"green":[-79.5983275,43.6514525],"bounds":[-79.5983275,43.649974,-79.5975394,43.6514525]},"Main_W2":{"track":"Main","ref":"W2","line":[[-79.5989813,43.6520823],[-79.5989849,43.6503813]],"tee":[-79.5989813,43.6520823],"green":[-79.5989849,43.6503813],"bounds":[-79.5989849,43.6503813,-79.5989813,43.6520823]},"Main_W6":{"track":"Main","ref":"W6","line":[[-79.5993352,43.6453066],[-79.6009436,43.6453562]],"tee":[-79.5993352,43.6453066],"green":[-79.6009436,43.6453562],"bounds":[-79.6009436,43.6453066,-79.5993352,43.6453562]},"Main_E4":{"track":"Main","ref":"E4","line":[[-79.5982238,43.6554031],[-79.5967218,43.653834],[-79.5969842,43.6531763]],"tee":[-79.5982238,43.6554031],"green":[-79.5969842,43.6531763],"bounds":[-79.5982238,43.6531763,-79.5967218,43.6554031]},"Main_E5":{"track":"Main","ref":"E5","line":[[-79.5975604,43.6532224],[-79.5968201,43.6522249]],"tee":[-79.5975604,43.6532224],"green":[-79.5968201,43.6522249],"bounds":[-79.5975604,43.6522249,-79.5968201,43.6532224]},"Main_E9":{"track":"Main","ref":"E9","line":[[-79.594396,43.6524032],[-79.5953178,43.6510738],[-79.596646,43.650599]],"tee":[-79.594396,43.6524032],"green":[-79.596646,43.650599],"bounds":[-79.596646,43.650599,-79.594396,43.6524032]},"Main_E8":{"track":"Main","ref":"E8","line":[[-79.5958766,43.6534822],[-79.5948658,43.6524588]],"tee":[-79.5958766,43.6534822],"green":[-79.5948658,43.6524588],"bounds":[-79.5958766,43.6524588,-79.5948658,43.6534822]},"Main_E7":{"track":"Main","ref":"E7","line":[[-79.5956698,43.6516969],[-79.5961923,43.6531017]],"tee":[-79.5956698,43.6516969],"green":[-79.5961923,43.6531017],"bounds":[-79.5961923,43.6516969,-79.5956698,43.6531017]},"Main_E3":{"track":"Main","ref":"E3","line":[[-79.5994252,43.6541132],[-79.5982551,43.6550407]],"tee":[-79.5994252,43.6541132],"green":[-79.5982551,43.6550407],"bounds":[-79.5994252,43.6541132,-79.5982551,43.6550407]},"Main_E2":{"track":"Main","ref":"E2","line":[[-79.5984331,43.6525428],[-79.5987835,43.6540666]],"tee":[-79.5984331,43.6525428],"green":[-79.5987835,43.6540666],"bounds":[-79.5987835,43.6525428,-79.5984331,43.6540666]},"Main_E6":{"track":"Main","ref":"E6","line":[[-79.5966243,43.6512339],[-79.5962432,43.6525277]],"tee":[-79.5966243,43.6512339],"green":[-79.5962432,43.6525277],"bounds":[-79.5966243,43.6512339,-79.5962432,43.6525277]},"Main_N5":{"track":"Main","ref":"N5","line":[[-79.6012566,43.6483711],[-79.6021819,43.6461366]],"tee":[-79.6012566,43.6483711],"green":[-79.6021819,43.6461366],"bounds":[-79.6021819,43.6461366,-79.6012566,43.6483711]},"Main_N7":{"track":"Main","ref":"N7","line":[[-79.6013477,43.6462201],[-79.6009695,43.6474117]],"tee":[-79.6013477,43.6462201],"green":[-79.6009695,43.6474117],"bounds":[-79.6013477,43.6462201,-79.6009695,43.6474117]},"Main_N8":{"track":"Main","ref":"N8","line":[[-79.600921,43.6477781],[-79.6004089,43.6487587]],"tee":[-79.600921,43.6477781],"green":[-79.6004089,43.6487587],"bounds":[-79.600921,43.6477781,-79.6004089,43.6487587]},"Main_N4":{"track":"Main","ref":"N4","line":[[-79.6008112,43.6502531],[-79.6012779,43.6488596]],"tee":[-79.6008112,43.6502531],"green":[-79.6012779,43.6488596],"bounds":[-79.6012779,43.6488596,-79.6008112,43.6502531]},"Main_N1":{"track":"Main","ref":"N1","line":[[-79.5996564,43.6501244],[-79.5994437,43.652246],[-79.5993167,43.6535121]],"tee":[-79.5996564,43.6501244],"green":[-79.5993167,43.6535121],"bounds":[-79.5996564,43.6501244,-79.5993167,43.6535121]},"Main_N2":{"track":"Main","ref":"N2","line":[[-79.5996472,43.6532806],[-79.6000656,43.6521007]],"tee":[-79.5996472,43.6532806],"green":[-79.6000656,43.6521007],"bounds":[-79.6000656,43.6521007,-79.5996472,43.6532806]},"Main_N3":{"track":"Main","ref":"N3","line":[[-79.6002729,43.651691],[-79.6003955,43.6503676]],"tee":[-79.6002729,43.651691],"green":[-79.6003955,43.6503676],"bounds":[-79.6003955,43.6503676,-79.6002729,43.651691]},"Main_N6":{"track":"Main","ref":"N6","line":[[-79.6023351,43.6457721],[-79.6013507,43.6456537]],"tee":[-79.6023351,43.6457721],"green":[-79.6013507,43.6456537],"bounds":[-79.6023351,43.6456537,-79.6013507,43.6457721]},"Main_N9":{"track":"Main","ref":"N9","line":[[-79.6010857,43.6481979],[-79.6005938,43.6497344],[-79.6000257,43.6499682]],"tee":[-79.6010857,43.6481979],"green":[-79.6000257,43.6499682],"bounds":[-79.6010857,43.6481979,-79.6000257,43.6499682]},"Main_E1":{"track":"Main","ref":"E1","line":[[-79.5971557,43.6500749],[-79.5977271,43.6522738],[-79.5980999,43.6526988]],"tee":[-79.5971557,43.6500749],"green":[-79.5980999,43.6526988],"bounds":[-79.5980999,43.6500749,-79.5971557,43.6526988]}},"polygons":{"type":"FeatureCollection","features":[{"type":"Feature","properties":{"golf":"lateral_water_hazard"},"geometry":{"type":"Polygon","coordinates":[[[-79.5999242,43.6506255],[-79.5998319,43.6505039],[-79.5998663,43.6503486],[-79.5998485,43.6502575],[-79.5999178,43.6501499],[-79.6000021,43.6501308],[-79.6001422,43.6501164],[-79.6001543,43.6500088],[-79.6001746,43.649923],[-79.6002182,43.6499014],[-79.600312,43.6499617],[-79.6003254,43.6500872],[-79.6002337,43.650199],[-79.6001238,43.6502492],[-79.6001857,43.6504059],[-79.6002268,43.6504976],[-79.6002517,43.6505714],[-79.6001409,43.6506529],[-79.6000616,43.6507209],[-79.6000232,43.6507929],[-79.5999206,43.6507608],[-79.5999242,43.6506255]]]}},{"type":"Feature","properties":{"golf":"lateral_water_hazard"},"geometry":{"type":"Polygon","coordinates":[[[-79.5977566,43.6543075],[-79.597666,43.654427],[-79.5975662,43.6544272],[-79.5974544,43.6543528],[-79.59736,43.6542273],[-79.5971393,43.6541062],[-79.5969624,43.6538935],[-79.5969,43.6537103],[-79.596747,43.6536104],[-79.5967115,43.6535316],[-79.5967347,43.6534634],[-79.5968578,43.6534312],[-79.5969577,43.653431],[-79.5971223,43.6534967],[-79.5973464,43.6537541],[-79.5974027,43.6538819],[-79.5976203,43.6539752],[-79.5977206,43.65412],[-79.5977566,43.6543075]]]}},{"type":"Feature","properties":{"golf":"lateral_water_hazard"},"geometry":{"type":"Polygon","coordinates":[[[-79.5985188,43.6547236],[-79.5983558,43.6546616],[-79.5982998,43.6546856],[-79.5982098,43.6547709],[-79.5977656,43.6546281],[-79.5977664,43.6545717],[-79.5978766,43.6543929],[-79.5979694,43.6543861],[-79.5980475,43.6544268],[-79.598336,43.6545833],[-79.5985188,43.6547236]]]}},{"type":"Feature","properties":{"golf":"lateral_water_hazard"},"geometry":{"type":"Polygon",