{"holes":{"Main_1":{"track":"Main","ref":"1","line":[[-123.6460798,49.4328878],[-123.6437446,49.4328696],[-123.6426027,49.4328788],[-123.6402415,49.4331032]],"tee":[-123.6460798,49.4328878],"green":[-123.6402415,49.4331032],"bounds":[-123.6460798,49.4328696,-123.6402415,49.4331032]},"Main_2":{"track":"Main","ref":"2","line":[[-123.6389951,49.432893],[-123.6353661,49.43314]],"tee":[-123.6389951,49.432893],"green":[-123.6353661,49.43314],"bounds":[-123.6389951,49.432893,-123.6353661,49.43314]},"Main_3":{"track":"Main","ref":"3","line":[[-123.633648,49.4332175],[-123.6317655,49.4326053],[-123.6306428,49.4320116]],"tee":[-123.633648,49.4332175],"green":[-123.6306428,49.4320116],"bounds":[-123.633648,49.4320116,-123.6306428,49.4332175]},"Main_4":{"track":"Main","ref":"4","line":[[-123.6284087,49.4306029],[-123.626838,49.4296404],[-123.6255169,49.4278259]],"tee":[-123.6284087,49.4306029],"green":[-123.6255169,49.4278259],"bounds":[-123.6284087,49.4278259,-123.6255169,49.4306029]},"Main_5":{"track":"Main","ref":"5","line":[[-123.6245416,49.427944],[-123.6251483,49.4299723],[-123.6257267,49.4303669]],"tee":[-123.6245416,49.427944],"green":[-123.6257267,49.4303669],"bounds":[-123.6257267,49.427944,-123.6245416,49.4303669]},"Main_6":{"track":"Main","ref":"6","line":[[-123.6255679,49.4308795],[-123.6262994,49.4309348],[-123.6273824,49.4312372],[-123.628352,49.4311708]],"tee":[-123.6255679,49.4308795],"green":[-123.628352,49.4311708],"bounds":[-123.628352,49.4308795,-123.6255679,49.4312372]},"Main_7":{"track":"Main","ref":"7","line":[[-123.6290778,49.4304517],[-123.6265715,49.4279034]],"tee":[-123.6290778,49.4304517],"green":[-123.6265715,49.4279034],"bounds":[-123.6290778,49.4279034,-123.6265715,49.4304517]},"Main_8":{"track":"Main","ref":"8","line":[[-123.6274334,49.4276932],[-123.6295598,49.4286668],[-123.6301892,49.4298211],[-123.6298943,49.4306619]],"tee":[-123.6274334,49.4276932],"green":[-123.6298943,49.4306619],"bounds":[-123.6301892,49.4276932,-123.6274334,49.4306619]},"Main_9":{"track":"Main","ref":"9","line":[[-123.6313176,49.4316244],[-123.6322021,49.4321739],[-123.6330243,49.4326127]],"tee":[-123.6313176,49.4316244],"green":[-123.6330243,49.4326127],"bounds":[-123.6330243,49.4316244,-123.6313176,49.4326127]},"Main_10":{"track":"Main","ref":"10","line":[[-123.6347642,49.4336482],[-123.6350818,49.4336118],[-123.6379959,49.4338153],[-123.6386357,49.4335784]],"tee":[-123.6347642,49.4336482],"green":[-123.6386357,49.4335784],"bounds":[-123.6386357,49.4335784,-123.6347642,49.4338153]},"Main_11":{"track":"Main","ref":"11","line":[[-123.6396237,49.4326839],[-123.6416722,49.4324234],[-123.6441245,49.4323451],[-123.6456943,49.4320422]],"tee":[-123.6396237,49.4326839],"green":[-123.6456943,49.4320422],"bounds":[-123.6456943,49.4320422,-123.6396237,49.4326839]},"Main_12":{"track":"Main","ref":"12","line":[[-123.6464066,49.4322448],[-123.6443104,49.4300661],[-123.6441258,49.429811]],"tee":[-123.6464066,49.4322448],"green":[-123.6441258,49.429811],"bounds":[-123.6464066,49.429811,-123.6441258,49.4322448]},"Main_13":{"track":"Main","ref":"13","line":[[-123.6434335,49.4289855],[-123.6435489,49.4312943],[-123.6436566,49.4319196]],"tee":[-123.6434335,49.4289855],"green":[-123.6436566,49.4319196],"bounds":[-123.6436566,49.4289855,-123.6434335,49.4319196]},"Main_14":{"track":"Main","ref":"14","line":[[-123.6426373,49.4320222],[-123.6427181,49.4306664],[-123.6429027,49.4287178]],"tee":[-123.6426373,49.4320222],"green":[-123.6429027,49.4287178],"bounds":[-123.6429027,49.4287178,-123.6426373,49.4320222]},"Main_15":{"track":"Main","ref":"15","line":[[-123.6423258,49.4278948],[-123.6440527,49.4287853]],"tee":[-123.6423258,49.4278948],"green":[-123.6440527,49.4287853],"bounds":[-123.6440527,49.4278948,-123.6423258,49.4287853]},"Main_16":{"track":"Main","ref":"16","line":[[-123.6443621,49.4290741],[-123.6465297,49.4298969],[-123.6470157,49.4299528]],"tee":[-123.6443621,49.4290741],"green":[-123.6470157,49.4299528],"bounds":[-123.6470157,49.4290741,-123.6443621,49.4299528]},"Main_17":{"track":"Main","ref":"17","line":[[-123.6472832,49.4305031],[-123.6467563,49.430317],[-123.6460432,49.4302018]],"tee":[-123.6472832,49.4305031],"green":[-123.6460432,49.4302018],"bounds":[-123.6472832,49.4302018,-123.6460432,49.4305031]},"Main_18":{"track":"Main","ref":"18","line":[[-123.6452347,49.4300157],[-123.6459115,49.4306183],[-123.6469834,49.4310998],[-123.6470834,49.4321101]],"tee":[-123.6452347,49.4300157],"green":[-123.6470834,49.4321101],"bounds":[-123.6470834,49.4300157,-123.6452347,49.4321101]}},"polygons":{"type":"FeatureCollection","features":[]},"center":[-123.63705504375004,49.43052567500001],"bounds":null}