{"holes":{"Main_1":{"track":"Main","ref":"1","line":[[-78.5507514,43.9353139],[-78.5469549,43.93655]],"tee":[-78.5507514,43.9353139],"green":[-78.5469549,43.93655],"bounds":[-78.5507514,43.9353139,-78.5469549,43.93655]},"Main_2":{"track":"Main","ref":"2","line":[[-78.5466223,43.9363181],[-78.5463499,43.9351939]],"tee":[-78.5466223,43.9363181],"green":[-78.5463499,43.9351939],"bounds":[-78.5466223,43.9351939,-78.5463499,43.9363181]},"Main_3":{"track":"Main","ref":"3","line":[[-78.5460121,43.9348812],[-78.5482657,43.9350304],[-78.5506045,43.934409]],"tee":[-78.5460121,43.9348812],"green":[-78.5506045,43.934409],"bounds":[-78.5506045,43.934409,-78.5460121,43.9350304]},"Main_4":{"track":"Main","ref":"4","line":[[-78.5500964,43.9335424],[-78.5489043,43.933524],[-78.5458872,43.9342067]],"tee":[-78.5500964,43.9335424],"green":[-78.5458872,43.9342067],"bounds":[-78.5500964,43.933524,-78.5458872,43.9342067]},"Main_5":{"track":"Main","ref":"5","line":[[-78.5461852,43.9336834],[-78.5503178,43.931946]],"tee":[-78.5461852,43.9336834],"green":[-78.5503178,43.931946],"bounds":[-78.5503178,43.931946,-78.5461852,43.9336834]},"Main_6":{"track":"Main","ref":"6","line":[[-78.5502866,43.9327207],[-78.5542773,43.9325878]],"tee":[-78.5502866,43.9327207],"green":[-78.5542773,43.9325878],"bounds":[-78.5542773,43.9325878,-78.5502866,43.9327207]},"Main_7":{"track":"Main","ref":"7","line":[[-78.5546888,43.9328004],[-78.5524352,43.9333441]],"tee":[-78.5546888,43.9328004],"green":[-78.5524352,43.9333441],"bounds":[-78.5546888,43.9328004,-78.5524352,43.9333441]},"Main_8":{"track":"Main","ref":"8","line":[[-78.5514049,43.9341515],[-78.5555261,43.9342557]],"tee":[-78.5514049,43.9341515],"green":[-78.5555261,43.9342557],"bounds":[-78.5555261,43.9341515,-78.5514049,43.9342557]},"Main_9":{"track":"Main","ref":"9","line":[[-78.5559036,43.9345174],[-78.5519073,43.9350978]],"tee":[-78.5559036,43.9345174],"green":[-78.5519073,43.9350978],"bounds":[-78.5559036,43.9345174,-78.5519073,43.9350978]},"Main_10":{"track":"Main","ref":"10","line":[[-78.5524891,43.9359665],[-78.5546235,43.9359951],[-78.555915,43.935619]],"tee":[-78.5524891,43.9359665],"green":[-78.555915,43.935619],"bounds":[-78.555915,43.935619,-78.5524891,43.9359951]},"Main_11":{"track":"Main","ref":"11","line":[[-78.5558345,43.9374813],[-78.5560928,43.9383908],[-78.5569584,43.9397009],[-78.5578355,43.9404836]],"tee":[-78.5558345,43.9374813],"green":[-78.5578355,43.9404836],"bounds":[-78.5578355,43.9374813,-78.5558345,43.9404836]},"Main_18":{"track":"Main","ref":"18","line":[[-78.5529877,43.9382814],[-78.5520511,43.9361047]],"tee":[-78.5529877,43.9382814],"green":[-78.5520511,43.9361047],"bounds":[-78.5529877,43.9361047,-78.5520511,43.9382814]}},"polygons":{"type":"FeatureCollection","features":[{"type":"Feature","properties":{"golf":"woods"},"geometry":{"type":"Polygon","coordinates":[[[-78.5508583,43.9348397],[-78.5499865,43.935019],[-78.5490956,43.9351127],[-78.5489509,43.935267],[-78.5490233,43.9353446],[-78.5494561,43.9352635],[-78.5500568,43.9352054],[-78.5503078,43.9352079],[-78.5508674,43.9352966],[-78.5509602,43.9353872],[-78.5504402,43.9357065],[-78.5502615,43.9357816],[-78.5493977,43.9360079],[-78.5491793,43.9361572],[-78.5491512,43.9362338],[-78.5491634,43.9363727],[-78.5495896,43.9364815],[-78.5497205,43.9364337],[-78.5500061,43.9361697],[-78.5502301,43.9360395],[-78.5508613,43.9359326],[-78.5510821,43.935811],[-78.5512442,43.9356781],[-78.5514792,43.9355865],[-78.5515779,43.9355235],[-78.5515917,43.9354169],[-78.5515525,43.9351454],[-78.5514424,43.9350333],[-78.5511495,43.9349045],[-78.5508583,43.9348397]]]}},{"type":"Feature","properties":{"golf":"water_hazard"},"geometry":{"type":"LineString","coordinates":[[-78.5551892,43.937591],[-78.555258,43.9375831],[-78.5556022,43.9375032],[-78.5559757,43.9372742],[-78.5560013,43.9371699]]}},{"type":"Feature","properties":{"golf":"water_hazard"},"geometry":{"type":"LineString","coordinates":[[-78.5563224,43.937591],[-78.5563099,43.9375657],[-78.5560456,43.937324],[-78.5560013,43.9371699]]}},{"type":"Feature","properties":{"golf":"water_hazard"},"geometry":{"type":"LineString","coordinates":[[-78.5510767,43.9364107],[-78.5519891,43.9364304],[-78.5525847,43.9364896],[-78.553273,43.9366394],[-78.5543346,43.9367331],[-78.5546947,43.9367473],[-78.5553225,43.9368217],[-78.555522,43.9368963],[-78.5558184,43.9371532],[-78.5560013,43.9371699]]}},{"type":"Feature","properties":{"golf":"water_hazard"},"geometry":{"type":"LineString","coordinates":[[-78.5507531,43.9336818],[-78.5508559,43.9337106],[-78.5507532,43.9339913]]}},{"type":"Feature","properties":{"golf":"woods"},"geometry":{"type":"Polygon","coordinates":[[[-78.5532204,43.9329975],[-78.5505047,43.9332247],[-78.5503614,43.9333066],[-78.5502815,43.9336281],[-78.5502337,43.9336554],[-78.5496691,43.9336839],[-78.5494323,43.9337115],[-78.5489964,43.9341106],[-78.5488711,43.9341777],[-78.5488213,43.9343138],[-78.5489141,43.9344043],[-78.549038,43.9344098],[-78.5495203,43.9343655],[-78.5499867,43.9342271],[-78.5501982,43.934131],[-78.5501241,43.9339894],[-78.5501192,43.9339338],[-78.5504183,43.9337362],[-78.5504927,43.9337049],[-78.5507531,43.9336818],[-78.5508559,43.9337106],[-78.5507532,43.9339913],[-78.5510468,43.9340839],[-78.5512531,43.9341051],[-78.5524396,43.9339951],[-78.5527851,43.9338427],[-78.5528758,43.9337326],[-78.5527071,43.9334364],[-78.5526912,43.9333423],[-78.5527365,43.9332873],[-78.5531093,43.9330945],[-78.5532204,43.9329975]]]}},{"type":"Feature","properties":{"golf":"water_hazard"},"geometry":{"type":"Polygon","coordinates":[[[-78.5508559,43.9337106],[-78.5507531,43.9336818],[-78.5504927,43.9337049],[-78.5504183,43.9337362],[-78.5501192,43.9339338],[-78.5501241,43.9339894],[-78.5501982,43.934131],[-78.5502242,43.9341633],[-78.5502979,43.9341683],[-78.5503841,43.9341392],[-78.5504537,43.9340524],[-78.550649,43.9340351],[-78.5507532,43.9339913],[-78.5508559,43.9337106]]]}}]},"center":[-78.5517855,43.93383033529411],"bounds":[[-78.5563224,43.9329975],[-78.5488213,43.937591]]}