{"holes":{"Main_4":{"track":"Main","ref":"4","line":[[-81.5738127,43.6323601],[-81.5727881,43.6322358],[-81.571624,43.6314748]],"tee":[-81.5738127,43.6323601],"green":[-81.571624,43.6314748],"bounds":[-81.5738127,43.6314748,-81.571624,43.6323601]},"Main_6":{"track":"Main","ref":"6","line":[[-81.5713663,43.6387882],[-81.5713126,43.6355969]],"tee":[-81.5713663,43.6387882],"green":[-81.5713126,43.6355969],"bounds":[-81.5713663,43.6355969,-81.5713126,43.6387882]},"Main_5":{"track":"Main","ref":"5","line":[[-81.571897,43.6332726],[-81.5712049,43.6318904]],"tee":[-81.571897,43.6332726],"green":[-81.5712049,43.6318904],"bounds":[-81.571897,43.6318904,-81.5712049,43.6332726]},"Main_3":{"track":"Main","ref":"3","line":[[-81.574209,43.6326242],[-81.5730986,43.6330125],[-81.5724388,43.6338162]],"tee":[-81.574209,43.6326242],"green":[-81.5724388,43.6338162],"bounds":[-81.574209,43.6326242,-81.5724388,43.6338162]},"Main_12":{"track":"Main","ref":"12","line":[[-81.5750942,43.6406006],[-81.5754804,43.641773],[-81.5726533,43.642464]],"tee":[-81.5750942,43.6406006],"green":[-81.5726533,43.642464],"bounds":[-81.5754804,43.6406006,-81.5726533,43.642464]},"Main_13":{"track":"Main","ref":"13","line":[[-81.5741983,43.6416235],[-81.5713337,43.6422718]],"tee":[-81.5741983,43.6416235],"green":[-81.5713337,43.6422718],"bounds":[-81.5741983,43.6416235,-81.5713337,43.6422718]},"Main_14":{"track":"Main","ref":"14","line":[[-81.5743753,43.6400862],[-81.5732973,43.641255],[-81.5712481,43.6417015]],"tee":[-81.5743753,43.6400862],"green":[-81.5712481,43.6417015],"bounds":[-81.5743753,43.6400862,-81.5712481,43.6417015]},"Main_17":{"track":"Main","ref":"17","line":[[-81.574703,43.6387494],[-81.5714629,43.6408924]],"tee":[-81.574703,43.6387494],"green":[-81.5714629,43.6408924],"bounds":[-81.574703,43.6387494,-81.5714629,43.6408924]},"Main_16":{"track":"Main","ref":"16","line":[[-81.5733189,43.6402635],[-81.5726645,43.6409079],[-81.5713234,43.6413194]],"tee":[-81.5733189,43.6402635],"green":[-81.5713234,43.6413194],"bounds":[-81.5733189,43.6402635,-81.5713234,43.6413194]},"Main_15":{"track":"Main","ref":"15","line":[[-81.5753091,43.6388562],[-81.5740539,43.639687]],"tee":[-81.5753091,43.6388562],"green":[-81.5740539,43.639687],"bounds":[-81.5753091,43.6388562,-81.5740539,43.639687]},"Main_8":{"track":"Main","ref":"8","line":[[-81.5736193,43.6376779],[-81.5731258,43.6389824],[-81.5718813,43.6398753]],"tee":[-81.5736193,43.6376779],"green":[-81.5718813,43.6398753],"bounds":[-81.5736193,43.6376779,-81.5718813,43.6398753]},"Main_2":{"track":"Main","ref":"2","line":[[-81.571785,43.6355504],[-81.5721283,43.6379575]],"tee":[-81.571785,43.6355504],"green":[-81.5721283,43.6379575],"bounds":[-81.5721283,43.6355504,-81.571785,43.6379575]},"Main_7":{"track":"Main","ref":"7","line":[[-81.5721283,43.6379575],[-81.5713344,43.63972]],"tee":[-81.5721283,43.6379575],"green":[-81.5713344,43.63972],"bounds":[-81.5721283,43.6379575,-81.5713344,43.63972]},"Main_1":{"track":"Main","ref":"1","line":[[-81.5725574,43.6359309],[-81.5730617,43.6375459],[-81.5722141,43.6390212]],"tee":[-81.5725574,43.6359309],"green":[-81.5722141,43.6390212],"bounds":[-81.5730617,43.6359309,-81.5722141,43.6390212]},"Main_18":{"track":"Main","ref":"18","line":[[-81.5751538,43.6385243],[-81.5738985,43.6354339]],"tee":[-81.5751538,43.6385243],"green":[-81.5738985,43.6354339],"bounds":[-81.5751538,43.6354339,-81.5738985,43.6385243]},"Main_9":{"track":"Main","ref":"9","line":[[-81.5728579,43.6351621],[-81.5747247,43.6384544]],"tee":[-81.5728579,43.6351621],"green":[-81.5747247,43.6384544],"bounds":[-81.5747247,43.6351621,-81.5728579,43.6384544]},"Main_11":{"track":"Main","ref":"11","line":[[-81.5757872,43.6383245],[-81.5756638,43.6392989]],"tee":[-81.5757872,43.6383245],"green":[-81.5756638,43.6392989],"bounds":[-81.5757872,43.6383245,-81.5756638,43.6392989]},"Main_10":{"track":"Main","ref":"10","line":[[-81.5755458,43.6373209],[-81.5758248,43.6359232],[-81.5744408,43.634743]],"tee":[-81.5755458,43.6373209],"green":[-81.5744408,43.634743],"bounds":[-81.5758248,43.634743,-81.5744408,43.6373209]}},"polygons":{"type":"FeatureCollection","features":[{"type":"Feature","properties":{"golf":"water_hazard"},"geometry":{"type":"LineString","coordinates":[[-81.5712668,43.633503],[-81.5712659,43.633422],[-81.5714079,43.6330667],[-81.5716901,43.632823],[-81.5720044,43.6326383],[-81.5722934,43.6321621],[-81.5722892,43.6320087],[-81.5722148,43.6316736],[-81.5722613,43.6314741],[-81.5723048,43.631424]]}},{"type":"Feature","properties":{"golf":"clubhouse"},"geometry":{"type":"Polygon","coordinates":[[[-81.573042,43.63488],[-81.57277,43.634706],[-81.573019,43.634501],[-81.573291,43.634675],[-81.573042,43.63488]]]}},{"type":"Feature","properties":{"golf":"cart_path"},"geometry":{"type":"LineString","coordinates":[[-81.5739209,43.6347954],[-81.5740804,43.6348898],[-81.5741179,43.6349235],[-81.5741449,43.6349579],[-81.5741768,43.6350137],[-81.5741985,43.6350694],[-81.5742276,43.6351403],[-81.5742698,43.6352227],[-81.5743184,43.635322],[-81.5743497,43.6353929],[-81.5743906,43.6354716],[-81.574456,43.6355977],[-81.5746505,43.6359028],[-81.5747729,43.6361408],[-81.5748296,43.6362906],[-81.5749103,43.6365482],[-81.5749543,43.6367514],[-81.5750151,43.6368135],[-81.5750713,43.6368678],[-81.5751363,43.6369185],[-81.5751891,43.6369636],[-81.5752169,43.6370125],[-81.5752261,43.6370738],[-81.5752128,43.6371231],[-81.5752215,43.6371581],[-81.5752626,43.6372098],[-81.5752266,43.6372264],[-81.5752014,43.637252],[-81.5751838,43.6373024],[-81.5751838,43.6373521],[-81.5751914,43.6374097],[-81.5751994,43.6374574],[-81.5752206,43.6375014],[-81.5752404,43.6375461],[-81.5752464,43.6375845],[-81.5752156,43.6376155],[-81.5751839,43.6376379],[-81.5751639,43.6376701],[-81.5751689,43.6376966],[-81.5752016,43.6377431],[-81.5752373,43.6377844],[-81.5752685,43.6378442],[-81.5752926,43.6379057],[-81.5753379,43.6379369],[-81.5754026,43.6379577],[-81.5754553,43.6379805],[-81.5755241,43.6379938],[-81.5755993,43.6379694],[-81.5756623,43.6379503],[-81.5757245,43.6379405],[-81.5757918,43.6379426],[-81.5758402,43.6379587],[-81.5758942,43.6379693],[-81.5759578,43.6379705],[-81.5760077,43.6379959],[-81.5760614,43.6380283],[-81.5761169,43.6380744],[-81.5761393,43.6381334],[-81.5761603,43.6381912],[-81.5761652,43.6382383],[-81.5761909,43.6383057],[-81.576219,43.6383729],[-81.5762551,43.6384657],[-81.5762837,43.6385263],[-81.5762714,43.6385637],[-81.5762268,43.6385976],[-81.5762227,43.6386584],[-81.5762294,43.6387237],[-81.5762425,43.638815],[-81.5762455,43.6389001],[-81.576247,43.6389932],[-81.5762495,43.6390983],[-81.5762559,43.6391688],[-81.5762585,43.6392144],[-81.5762196,43.6393259],[-81.5762381,43.6393805],[-81.576263,43.6394232],[-81.5762604,43.6394914],[-81.5762729,43.6395417],[-81.5762649,43.6396277],[-81.5763234,43.6397089],[-81.5763461,43.6397387],[-81.5763557,43.6397889],[-81.5763747,43.6398246],[-81.5763741,43.6398495],[-81.5763692,43.6399159],[-81.5763635,43.6399401],[-81.576347,43.6399658],[-81.5763208,43.6399851],[-81.5762939,43.6400214],[-81.5762828,43.6400414],[-81.5762543,43.6400736]]}},{"type":"Feature","properties":{"golf":"cart_path"},"geometry":{"type":"LineString",