{"holes":{"Main_5":{"track":"Main","ref":"5","line":[[-80.1782668,43.3145743],[-80.1783817,43.3151176]],"tee":[-80.1782668,43.3145743],"green":[-80.17839000000001,43.31512865],"bounds":[-80.17839000000001,43.3145743,-80.1782668,43.31512865]},"Main_4":{"track":"Main","ref":"4","line":[[-80.178155,43.3153026],[-80.1776044,43.3146114]],"tee":[-80.178155,43.3153026],"green":[-80.17762015,43.3146218],"bounds":[-80.178155,43.3146114,-80.1776044,43.3153026]},"Main_2":{"track":"Main","ref":"2","line":[[-80.177103,43.3147441],[-80.1771326,43.3153325]],"tee":[-80.177103,43.3147441],"green":[-80.17713085,43.3153387],"bounds":[-80.1771326,43.3147441,-80.177103,43.3153387]},"Main_11":{"track":"Main","ref":"11","line":[[-80.1773726,43.3156171],[-80.1786037,43.3158683]],"tee":[-80.1773726,43.3156171],"green":[-80.1786037,43.3158683],"bounds":[-80.1786037,43.3156171,-80.1773726,43.3158683]},"Main_7":{"track":"Main","ref":"7","line":[[-80.1777471,43.3166804],[-80.1759787,43.316462]],"tee":[-80.1777471,43.3166804],"green":[-80.17598095,43.316460899999996],"bounds":[-80.1777471,43.316460899999996,-80.1759787,43.3166804]},"Main_8":{"track":"Main","ref":"8","line":[[-80.1763086,43.3162912],[-80.1774514,43.316382]],"tee":[-80.1763086,43.3162912],"green":[-80.17745815,43.31637155],"bounds":[-80.17745815,43.3162912,-80.1763086,43.316382]},"Main_9":{"track":"Main","ref":"9","line":[[-80.1775331,43.3161787],[-80.1764438,43.3159949]],"tee":[-80.1775331,43.3161787],"green":[-80.17646690000001,43.315991100000005],"bounds":[-80.1775331,43.315991100000005,-80.1764438,43.3161787]},"Main_10":{"track":"Main","ref":"10","line":[[-80.1772448,43.3159235],[-80.1780666,43.3161009]],"tee":[-80.1772448,43.3159235],"green":[-80.17805505,43.31611045],"bounds":[-80.1780666,43.3159235,-80.1772448,43.31611045]},"Main_12":{"track":"Main","ref":"12","line":[[-80.1773132,43.3157862],[-80.1763948,43.3156522]],"tee":[-80.1773132,43.3157862],"green":[-80.17639890000001,43.315649],"bounds":[-80.1773132,43.315649,-80.1763948,43.3157862]},"Main_3":{"track":"Main","ref":"3","line":[[-80.1773845,43.3154986],[-80.1784233,43.3154229]],"tee":[-80.1773845,43.3154986],"green":[-80.17842429999999,43.315422049999995],"bounds":[-80.17842429999999,43.315422049999995,-80.1773845,43.3154986]},"Main_1":{"track":"Main","ref":"1","line":[[-80.1765271,43.3154662],[-80.1768376,43.3147418]],"tee":[-80.1765271,43.3154662],"green":[-80.17682479999999,43.3147489],"bounds":[-80.1768376,43.3147418,-80.1765271,43.3154662]},"Main_6":{"track":"Main","ref":"6","line":[[-80.1787205,43.3159852],[-80.178025,43.3164804]],"tee":[-80.1787205,43.3159852],"green":[-80.17802345,43.316480999999996],"bounds":[-80.1787205,43.3159852,-80.17802345,43.316480999999996]}},"polygons":{"type":"FeatureCollection","features":[{"type":"Feature","properties":{"golf":"green"},"geometry":{"type":"Polygon","coordinates":[[[-80.1760477,43.3164877],[-80.17602,43.3165013],[-80.1759697,43.3165056],[-80.175919,43.3164978],[-80.1758948,43.3164762],[-80.1758928,43.3164528],[-80.1759313,43.3164283],[-80.1759859,43.3164162],[-80.1760378,43.3164234],[-80.1760628,43.3164445],[-80.1760691,43.3164626],[-80.1760477,43.3164877]]]}},{"type":"Feature","properties":{"golf":"green"},"geometry":{"type":"Polygon","coordinates":[[[-80.1765249,43.3160284],[-80.1764942,43.3160408],[-80.1764493,43.3160408],[-80.1764069,43.3160196],[-80.1763899,43.3159914],[-80.1764061,43.3159599],[-80.1764477,43.3159414],[-80.1765063,43.315947],[-80.1765334,43.3159723],[-80.1765439,43.3159975],[-80.1765249,43.3160284]]]}},{"type":"Feature","properties":{"golf":"green"},"geometry":{"type":"Polygon","coordinates":[[[-80.1775078,43.3164209],[-80.1775328,43.316395],[-80.1775266,43.3163595],[-80.1775041,43.3163272],[-80.1774654,43.3163104],[-80.177431,43.3163143],[-80.1774026,43.3163293],[-80.1773889,43.3163536],[-80.1773835,43.3163859],[-80.1773951,43.316407],[-80.1774126,43.3164215],[-80.1774569,43.3164327],[-80.1775078,43.3164209]]]}},{"type":"Feature","properties":{"golf":"green"},"geometry":{"type":"Polygon","coordinates":[[[-80.1780977,43.3165103],[-80.1780472,43.3165243],[-80.1779888,43.3165232],[-80.177947,43.3165059],[-80.1779353,43.3164727],[-80.1779639,43.3164459],[-80.1780182,43.3164377],[-80.1780562,43.3164429],[-80.1780886,43.3164571],[-80.1781056,43.3164801],[-80.1781116,43.3164911],[-80.1780977,43.3165103]]]}},{"type":"Feature","properties":{"golf":"green"},"geometry":{"type":"Polygon","coordinates":[[[-80.17814,43.3161293],[-80.1781204,43.3161009],[-80.1780847,43.3160742],[-80.1780353,43.3160664],[-80.1779969,43.3160724],[-80.1779701,43.3160925],[-80.1779738,43.3161215],[-80.1780058,43.3161404],[-80.1780423,43.3161541],[-80.1780742,43.3161545],[-80.1781094,43.3161519],[-80.17814,43.3161293]]]}},{"type":"Feature","properties":{"golf":"green"},"geometry":{"type":"Polygon","coordinates":[[[-80.1774846,43.315669],[-80.1774455,43.315679],[-80.1773877,43.3156683],[-80.1773363,43.3156469],[-80.1773096,43.3156197],[-80.1773085,43.3155942],[-80.177349,43.3155698],[-80.1774098,43.3155635],[-80.1774622,43.3155905],[-80.1774886,43.3156126],[-80.1775003,43.3156323],[-80.1775003,43.315651],[-80.1774846,43.315669]]]}},{"type":"Feature","properties":{"golf":"green"},"geometry":{"type":"Polygon","coordinates":[[[-80.1771989,43.3153556],[-80.1771961,43.3153191],[-80.1771704,43.3152987],[-80.1771414,43.3152927],[-80.1771005,43.3152937],[-80.1770665,43.3153188],[-80.1770628,43.3153496],[-80.1770923,43.3153844],[-80.1771258,43.3153847],[-80.1771681,43.3153823],[-80.1771989,43.3153556]]]}},{"type":"Feature","properties":{"golf":"green"},"geometry":{"type":"Polygon","coordinates":[[[-80.176884,43.3147805],[-80.1768932,43.3147527],[-80.176884,43.314722],[-80.1768446,43.3147],[-80.176799,43.3147028],[-80.1767653,43.3147312],[-80.1767564,43.3147524],[-80.1767718,43.3147794],[-80.1767951,43.31479],[-80.1768308,43.3147978],[-80.1768534,43.3147961],[-80.176884,43.3147805]]]}},{"type":"Feature","properties":{"golf":"green"},"geometry":{"type":"Polygon","coordinates":[[[-80.1776753,43.3146474],[-80.1776806,43.3146206],[-80.1776654,43.314591],[-80.1776293,43.3145785],[-80.1775945,43.3145765],[-80.1775627,43.3145934],[-80.1775597,43.3146216],[-80.1775743,43.3146457],[-80.1776084,43.314663],[-80.1776263,43.3146671],[-80.1776624,43.3146643],[-80.1776753,43.3146474]]]}},{"type":"Feature","properties":{"golf":"green"},"geometry":{"type":"Polygon","coordinates":[[[-80.1784528,43.3151346],[-80.1784397,43.3151618],[-80.1784004,43.3151745],[-80.1783558,43.3151674],[-80.1783297,43.3151449],[-80.1783272,43.3151145],[-80.178336,43.3150944],[-80.1783621,43.3150838],[-80.1783961,43.3150828],[-80.1784387,43.3150976],[-80.1784528,43.3151346]]]}},{"type":"Feature","properties":{"golf":"green"},"geometry":{"type":"Polygon","coordinates":[[[-80.1784914,43.3154429],[-80.1785132,43.3154187],[-80.1785112,43.3153922],[-80.1784826,43.3153759],[-80.1784165,43.3153767],[-80.1783635,43.3153979],[-80.1783406,43.3154153],[-80.1783354,43.3154425],[-80.1783703,43.3154682],[-80.1784197,43.3154663],[-80.1784503,43.3154637],[-80.1784914,43.3154429]]]}},{"type":"Feature","properties":{"golf":"green"},"geometry":{"type":"Polygon","coordinates":[[[-80.1764679,43.3156758],[-80.1764477,43.3156849],[-80.1764087,43.3156914],[-80.1763744,43.315692],[-80.1763414,43.3156842],[-80.1763239,43.3156727],[-80.1763243,43.3156459],[-80.176341,43.3156178],[-80.1763813,43.315606],[-80.1764293,43.3156107],[-80.1764557,43.3156194],[-80.17647,43.3156337],[-80.1764739,43.3156499],[-80.1764679,43.3156758]]]}},{"type":"Feature","properties":{"golf":"fairway"},"geometry":{"type":"Polygon","coordinates":[[[-80.1766981,43.3152236],[-80.1766663,43.3152285],[-80.1766004,43.3152231],[-80.1765464,43.3151999],[-80.1766789,43.3149474],[-80.1767564,43.3147524],[-80.1767718,43.3147794],[-80.1767951,43.31479],[-80.1768308,43.3147978],[-80.1768534,43.3147961],[-80.176884,43.3147805],[-80.1768417,43.3149103],[-80.1767832,43.3150551],[-80.1766981,43.3152236]]]}},{"type":"Feature",