{"holes":{"Main_1":{"track":"Main","ref":"1","line":[[-70.8952019,47.0768991],[-70.8947852,47.0756551],[-70.8948299,47.0745251]],"tee":[-70.8952019,47.0768991],"green":[-70.8948299,47.0745251],"bounds":[-70.8952019,47.0745251,-70.8947852,47.0768991]},"Main_2":{"track":"Main","ref":"2","line":[[-70.8952429,47.0738957],[-70.8933232,47.0736768],[-70.891848,47.0726982]],"tee":[-70.8952429,47.0738957],"green":[-70.891848,47.0726982],"bounds":[-70.8952429,47.0726982,-70.891848,47.0738957]},"Main_3":{"track":"Main","ref":"3","line":[[-70.8913326,47.0722992],[-70.8872996,47.0717727]],"tee":[-70.8913326,47.0722992],"green":[-70.8872996,47.0717727],"bounds":[-70.8913326,47.0717727,-70.8872996,47.0722992]},"Main_4":{"track":"Main","ref":"4","line":[[-70.8864301,47.0714097],[-70.8883715,47.0711721]],"tee":[-70.8864301,47.0714097],"green":[-70.8883715,47.0711721],"bounds":[-70.8883715,47.0711721,-70.8864301,47.0714097]},"Main_5":{"track":"Main","ref":"5","line":[[-70.888848,47.0707675],[-70.8945671,47.0705681]],"tee":[-70.888848,47.0707675],"green":[-70.8945671,47.0705681],"bounds":[-70.8945671,47.0705681,-70.888848,47.0707675]},"Main_6":{"track":"Main","ref":"6","line":[[-70.8948488,47.0710136],[-70.8905155,47.0713415]],"tee":[-70.8948488,47.0710136],"green":[-70.8905155,47.0713415],"bounds":[-70.8948488,47.0710136,-70.8905155,47.0713415]},"Main_7":{"track":"Main","ref":"7","line":[[-70.8903626,47.0717639],[-70.8929214,47.0721759],[-70.8942151,47.0721612]],"tee":[-70.8903626,47.0717639],"green":[-70.8942151,47.0721612],"bounds":[-70.8942151,47.0717639,-70.8903626,47.0721759]},"Main_8":{"track":"Main","ref":"8","line":[[-70.8934152,47.0726389],[-70.8955893,47.0731093]],"tee":[-70.8934152,47.0726389],"green":[-70.8955893,47.0731093],"bounds":[-70.8955893,47.0726389,-70.8934152,47.0731093]},"Main_9":{"track":"Main","ref":"9","line":[[-70.8964968,47.0725532],[-70.8956271,47.0743031],[-70.8957148,47.076404]],"tee":[-70.8964968,47.0725532],"green":[-70.8957148,47.076404],"bounds":[-70.8964968,47.0725532,-70.8956271,47.076404]},"Main_10":{"track":"Main","ref":"10","line":[[-70.8949026,47.0781879],[-70.893362,47.0769011],[-70.89253,47.0759068]],"tee":[-70.8949026,47.0781879],"green":[-70.89253,47.0759068],"bounds":[-70.8949026,47.0759068,-70.89253,47.0781879]},"Main_11":{"track":"Main","ref":"11","line":[[-70.8920891,47.0762847],[-70.8910148,47.0746133],[-70.8895813,47.0736391]],"tee":[-70.8920891,47.0762847],"green":[-70.8895813,47.0736391],"bounds":[-70.8920891,47.0736391,-70.8895813,47.0762847]},"Main_12":{"track":"Main","ref":"12","line":[[-70.8877663,47.0732199],[-70.8897988,47.0745027],[-70.8913515,47.0766064]],"tee":[-70.8877663,47.0732199],"green":[-70.8913515,47.0766064],"bounds":[-70.8913515,47.0732199,-70.8877663,47.0766064]},"Main_13":{"track":"Main","ref":"13","line":[[-70.8913276,47.0770545],[-70.8902034,47.0761046]],"tee":[-70.8913276,47.0770545],"green":[-70.8902034,47.0761046],"bounds":[-70.8913276,47.0761046,-70.8902034,47.0770545]},"Main_14":{"track":"Main","ref":"14","line":[[-70.8898673,47.0757902],[-70.8870192,47.0734317],[-70.8866469,47.0727181]],"tee":[-70.8898673,47.0757902],"green":[-70.8866469,47.0727181],"bounds":[-70.8898673,47.0727181,-70.8866469,47.0757902]},"Main_15":{"track":"Main","ref":"15","line":[[-70.8861254,47.072918],[-70.8850733,47.0716139]],"tee":[-70.8861254,47.072918],"green":[-70.8850733,47.0716139],"bounds":[-70.8861254,47.0716139,-70.8850733,47.072918]},"Main_16":{"track":"Main","ref":"16","line":[[-70.8860956,47.0719295],[-70.8876274,47.0725608],[-70.889563,47.073056]],"tee":[-70.8860956,47.0719295],"green":[-70.889563,47.073056],"bounds":[-70.889563,47.0719295,-70.8860956,47.073056]},"Main_17":{"track":"Main","ref":"17","line":[[-70.8900139,47.07278],[-70.891276,47.0739978]],"tee":[-70.8900139,47.07278],"green":[-70.891276,47.0739978],"bounds":[-70.891276,47.07278,-70.8900139,47.0739978]},"Main_18":{"track":"Main","ref":"18","line":[[-70.8919591,47.0738949],[-70.8947992,47.0773169]],"tee":[-70.8919591,47.0738949],"green":[-70.8947992,47.0773169],"bounds":[-70.8947992,47.0738949,-70.8919591,47.0773169]}},"polygons":{"type":"FeatureCollection","features":[{"type":"Feature","properties":{"golf":"cart_path"},"geometry":{"type":"LineString","coordinates":[[-70.8853164,47.0712725],[-70.8852006,47.0712759],[-70.8851138,47.0712704],[-70.8850347,47.071278],[-70.8849701,47.0712972],[-70.8849061,47.0713395],[-70.8848047,47.0713794],[-70.8847088,47.0713961],[-70.8846257,47.0714073],[-70.8845362,47.0714256],[-70.8844286,47.0714469],[-70.8843472,47.0714961],[-70.884275,47.0715567],[-70.8841981,47.0716091],[-70.8841376,47.0716301],[-70.8840744,47.071642],[-70.8840013,47.0716465],[-70.8839594,47.0716735],[-70.8839472,47.0717153],[-70.8839471,47.0717493],[-70.8839612,47.0718091],[-70.8840497,47.0718884],[-70.884089,47.0719604],[-70.8840963,47.072048],[-70.8841222,47.0721282],[-70.8842255,47.0721981],[-70.8843229,47.0722648],[-70.8844117,47.072384],[-70.884441,47.0724696],[-70.8844136,47.0725859],[-70.8843241,47.0727252],[-70.884306,47.0728093],[-70.8843734,47.0728786],[-70.8844361,47.0729464],[-70.8844805,47.07303],[-70.8844836,47.0731817]]}},{"type":"Feature","properties":{"golf":"clubhouse"},"geometry":{"type":"Polygon","coordinates":[[[-70.8957203,47.0774808],[-70.8957512,47.0772295],[-70.8955148,47.077216],[-70.8954839,47.0774673],[-70.8957203,47.0774808]]]}},{"type":"Feature","properties":{"golf":"water_hazard"},"geometry":{"type":"Polygon","coordinates":[[[-70.8923545,47.0753977],[-70.8926819,47.0751518],[-70.892933,47.0749944],[-70.8928736,47.0748252],[-70.8927434,47.0747729],[-70.8926372,47.0747543],[-70.8925192,47.0748098],[-70.8924054,47.0747696],[-70.8918902,47.0752548],[-70.8917821,47.075428],[-70.8917948,47.0756879],[-70.8918839,47.0756966],[-70.8920238,47.0756446],[-70.8923545,47.0753977]]]}},{"type":"Feature","properties":{"golf":"woods"},"geometry":{"type":"Polygon","coordinates":[[[-70.892628,47.0745271],[-70.8927806,47.0745964],[-70.8928951,47.074566],[-70.8929015,47.0744534],[-70.8905864,47.0724609],[-70.8903765,47.0723656],[-70.8899249,47.0723656],[-70.8891999,47.0723526],[-70.8886338,47.0721923],[-70.8880487,47.072032],[-70.8873491,47.0720147],[-70.8871074,47.0719064],[-70.8870565,47.0717895],[-70.8871328,47.0716985],[-70.8874191,47.0716638],[-70.8883222,47.0717591],[-70.8886211,47.0717461],[-70.8890027,47.0716205],[-70.8889836,47.0714906],[-70.889149,47.0713303],[-70.889378,47.0712047],[-70.8895052,47.0709794],[-70.8893462,47.0708754],[-70.8888946,47.0708841],[-70.8887483,47.0709837],[-70.8886784,47.071248],[-70.8884685,47.0714039],[-70.8881377,47.0714386],[-70.8879088,47.0713909],[-70.8875145,47.0713909],[-70.886605,47.0715295],[-70.8863887,47.0715295],[-70.8861597,47.0714083],[-70.8860525,47.0712012],[-70.8858306,47.071249],[-70.8854625,47.0713064],[-70.8851824,47.0713615],[-70.8853775,47.0715469],[-70.8855237,47.0718458],[-70.88567,47.07211],[-70.8859053,47.0724609],[-70.8861407,47.0724565],[-70.8865159,47.0724652],[-70.8867385,47.0726341],[-70.8870756,47.0730023],[-70.887101,47.0731929],[-70.8871964,47.0732926],[-70.8883667,47.0742758],[-70.8884748,47.0742585],[-70.8886211,47.0741329],[-70.8885257,47.0739423],[-70.8876856,47.0732667],[-70.8876749,47.0730836],[-70.8875463,47.072946],[-70.8866177,47.0723612],[-70.8860707,47.072058],[-70.8858417,47.0719021],[-70.8858545,47.0718241],[-70.8860135,47.0717895],[-70.886376,47.0719194],[-70.8868784,47.072188],[-70.8874254,47.0723439],[-70.8881377,47.0724999],[-70.8884558,47.0725172],[-70.8887801,47.0726558],[-70.8889646,47.0726948],[-70.8891426,47.0726255],[-70.8893398,47.0726385],[-70.8897405,47.0727078],[-70.8900013,47.0727338],[-70.8903383,47.0728637],[-70.8905991,47.073037],[-70.8914323,47.0737171],[-70.8915595,47.073756],[-70.891763,47.0737734],[-70.8919475,47.0738383],[-70.892628,47.0745271]]]}},{"type":"Feature","properties":{"golf":"woods"},"geometry":{"type":"Polygon",