{"holes":{"Main_1":{"track":"Main","ref":"1","line":[[-78.5507514,43.9353139],[-78.5469549,43.93655]],"tee":[-78.5507514,43.9353139],"green":[-78.5469549,43.93655],"bounds":[-78.5507514,43.9353139,-78.5469549,43.93655]},"Main_2":{"track":"Main","ref":"2","line":[[-78.5466223,43.9363181],[-78.5463499,43.9351939]],"tee":[-78.5466223,43.9363181],"green":[-78.5463499,43.9351939],"bounds":[-78.5466223,43.9351939,-78.5463499,43.9363181]},"Main_3":{"track":"Main","ref":"3","line":[[-78.5460121,43.9348812],[-78.5482657,43.9350304],[-78.5506045,43.934409]],"tee":[-78.5460121,43.9348812],"green":[-78.5506045,43.934409],"bounds":[-78.5506045,43.934409,-78.5460121,43.9350304]},"Main_4":{"track":"Main","ref":"4","line":[[-78.5500964,43.9335424],[-78.5489043,43.933524],[-78.5458872,43.9342067]],"tee":[-78.5500964,43.9335424],"green":[-78.5458872,43.9342067],"bounds":[-78.5500964,43.933524,-78.5458872,43.9342067]},"Main_5":{"track":"Main","ref":"5","line":[[-78.5461852,43.9336834],[-78.5503178,43.931946]],"tee":[-78.5461852,43.9336834],"green":[-78.5503178,43.931946],"bounds":[-78.5503178,43.931946,-78.5461852,43.9336834]},"Main_6":{"track":"Main","ref":"6","line":[[-78.5502866,43.9327207],[-78.5542773,43.9325878]],"tee":[-78.5502866,43.9327207],"green":[-78.5542773,43.9325878],"bounds":[-78.5542773,43.9325878,-78.5502866,43.9327207]},"Main_7":{"track":"Main","ref":"7","line":[[-78.5546888,43.9328004],[-78.5524352,43.9333441]],"tee":[-78.5546888,43.9328004],"green":[-78.5524352,43.9333441],"bounds":[-78.5546888,43.9328004,-78.5524352,43.9333441]},"Main_8":{"track":"Main","ref":"8","line":[[-78.5514049,43.9341515],[-78.5555261,43.9342557]],"tee":[-78.5514049,43.9341515],"green":[-78.5555261,43.9342557],"bounds":[-78.5555261,43.9341515,-78.5514049,43.9342557]},"Main_9":{"track":"Main","ref":"9","line":[[-78.5559036,43.9345174],[-78.5519073,43.9350978]],"tee":[-78.5559036,43.9345174],"green":[-78.5519073,43.9350978],"bounds":[-78.5559036,43.9345174,-78.5519073,43.9350978]},"Main_10":{"track":"Main","ref":"10","line":[[-78.5524891,43.9359665],[-78.5546235,43.9359951],[-78.555915,43.935619]],"tee":[-78.5524891,43.9359665],"green":[-78.555915,43.935619],"bounds":[-78.555915,43.935619,-78.5524891,43.9359951]},"Main_11":{"track":"Main","ref":"11","line":[[-78.5558345,43.9374813],[-78.5560928,43.9383908],[-78.5569584,43.9397009],[-78.5578355,43.9404836]],"tee":[-78.5558345,43.9374813],"green":[-78.5578355,43.9404836],"bounds":[-78.5578355,43.9374813,-78.5558345,43.9404836]},"Main_18":{"track":"Main","ref":"18","line":[[-78.5529877,43.9382814],[-78.5520511,43.9361047]],"tee":[-78.5529877,43.9382814],"green":[-78.5520511,43.9361047],"bounds":[-78.5529877,43.9361047,-78.5520511,43.9382814]}},"polygons":{"type":"FeatureCollection","features":[{"type":"Feature","properties":{"golf":"lateral_water_hazard"},"geometry":{"type":"Polygon","coordinates":[[[-78.5508559,43.9337106],[-78.5507531,43.9336818],[-78.5504927,43.9337049],[-78.5504183,43.9337362],[-78.5501192,43.9339338],[-78.5501241,43.9339894],[-78.5501982,43.934131],[-78.5502242,43.9341633],[-78.5502979,43.9341683],[-78.5503841,43.9341392],[-78.5504537,43.9340524],[-78.550649,43.9340351],[-78.5507532,43.9339913],[-78.5508559,43.9337106]]]}}]},"center":[-78.5517855,43.93383033529411],"bounds":[[-78.5508559,43.9336818],[-78.5501192,43.9341683]]}