{"holes":{"Main_1":{"track":"Main","ref":"1","line":[[-70.8952019,47.0768991],[-70.8947852,47.0756551],[-70.8948299,47.0745251]],"tee":[-70.8952019,47.0768991],"green":[-70.8948299,47.0745251],"bounds":[-70.8952019,47.0745251,-70.8947852,47.0768991]},"Main_2":{"track":"Main","ref":"2","line":[[-70.8952429,47.0738957],[-70.8933232,47.0736768],[-70.891848,47.0726982]],"tee":[-70.8952429,47.0738957],"green":[-70.891848,47.0726982],"bounds":[-70.8952429,47.0726982,-70.891848,47.0738957]},"Main_3":{"track":"Main","ref":"3","line":[[-70.8913326,47.0722992],[-70.8872996,47.0717727]],"tee":[-70.8913326,47.0722992],"green":[-70.8872996,47.0717727],"bounds":[-70.8913326,47.0717727,-70.8872996,47.0722992]},"Main_4":{"track":"Main","ref":"4","line":[[-70.8864301,47.0714097],[-70.8883715,47.0711721]],"tee":[-70.8864301,47.0714097],"green":[-70.8883715,47.0711721],"bounds":[-70.8883715,47.0711721,-70.8864301,47.0714097]},"Main_5":{"track":"Main","ref":"5","line":[[-70.888848,47.0707675],[-70.8945671,47.0705681]],"tee":[-70.888848,47.0707675],"green":[-70.8945671,47.0705681],"bounds":[-70.8945671,47.0705681,-70.888848,47.0707675]},"Main_6":{"track":"Main","ref":"6","line":[[-70.8948488,47.0710136],[-70.8905155,47.0713415]],"tee":[-70.8948488,47.0710136],"green":[-70.8905155,47.0713415],"bounds":[-70.8948488,47.0710136,-70.8905155,47.0713415]},"Main_7":{"track":"Main","ref":"7","line":[[-70.8903626,47.0717639],[-70.8929214,47.0721759],[-70.8942151,47.0721612]],"tee":[-70.8903626,47.0717639],"green":[-70.8942151,47.0721612],"bounds":[-70.8942151,47.0717639,-70.8903626,47.0721759]},"Main_8":{"track":"Main","ref":"8","line":[[-70.8934152,47.0726389],[-70.8955893,47.0731093]],"tee":[-70.8934152,47.0726389],"green":[-70.8955893,47.0731093],"bounds":[-70.8955893,47.0726389,-70.8934152,47.0731093]},"Main_9":{"track":"Main","ref":"9","line":[[-70.8964968,47.0725532],[-70.8956271,47.0743031],[-70.8957148,47.076404]],"tee":[-70.8964968,47.0725532],"green":[-70.8957148,47.076404],"bounds":[-70.8964968,47.0725532,-70.8956271,47.076404]},"Main_10":{"track":"Main","ref":"10","line":[[-70.8949026,47.0781879],[-70.893362,47.0769011],[-70.89253,47.0759068]],"tee":[-70.8949026,47.0781879],"green":[-70.89253,47.0759068],"bounds":[-70.8949026,47.0759068,-70.89253,47.0781879]},"Main_11":{"track":"Main","ref":"11","line":[[-70.8920891,47.0762847],[-70.8910148,47.0746133],[-70.8895813,47.0736391]],"tee":[-70.8920891,47.0762847],"green":[-70.8895813,47.0736391],"bounds":[-70.8920891,47.0736391,-70.8895813,47.0762847]},"Main_12":{"track":"Main","ref":"12","line":[[-70.8877663,47.0732199],[-70.8897988,47.0745027],[-70.8913515,47.0766064]],"tee":[-70.8877663,47.0732199],"green":[-70.8913515,47.0766064],"bounds":[-70.8913515,47.0732199,-70.8877663,47.0766064]},"Main_13":{"track":"Main","ref":"13","line":[[-70.8913276,47.0770545],[-70.8902034,47.0761046]],"tee":[-70.8913276,47.0770545],"green":[-70.8902034,47.0761046],"bounds":[-70.8913276,47.0761046,-70.8902034,47.0770545]},"Main_14":{"track":"Main","ref":"14","line":[[-70.8898673,47.0757902],[-70.8870192,47.0734317],[-70.8866469,47.0727181]],"tee":[-70.8898673,47.0757902],"green":[-70.8866469,47.0727181],"bounds":[-70.8898673,47.0727181,-70.8866469,47.0757902]},"Main_15":{"track":"Main","ref":"15","line":[[-70.8861254,47.072918],[-70.8850733,47.0716139]],"tee":[-70.8861254,47.072918],"green":[-70.8850733,47.0716139],"bounds":[-70.8861254,47.0716139,-70.8850733,47.072918]},"Main_16":{"track":"Main","ref":"16","line":[[-70.8860956,47.0719295],[-70.8876274,47.0725608],[-70.889563,47.073056]],"tee":[-70.8860956,47.0719295],"green":[-70.889563,47.073056],"bounds":[-70.889563,47.0719295,-70.8860956,47.073056]},"Main_17":{"track":"Main","ref":"17","line":[[-70.8900139,47.07278],[-70.891276,47.0739978]],"tee":[-70.8900139,47.07278],"green":[-70.891276,47.0739978],"bounds":[-70.891276,47.07278,-70.8900139,47.0739978]},"Main_18":{"track":"Main","ref":"18","line":[[-70.8919591,47.0738949],[-70.8947992,47.0773169]],"tee":[-70.8919591,47.0738949],"green":[-70.8947992,47.0773169],"bounds":[-70.8947992,47.0738949,-70.8919591,47.0773169]}},"polygons":{"type":"FeatureCollection","features":[{"type":"Feature","properties":{"golf":"clubhouse"},"geometry":{"type":"Polygon","coordinates":[[[-70.8957203,47.0774808],[-70.8957512,47.0772295],[-70.8955148,47.077216],[-70.8954839,47.0774673],[-70.8957203,47.0774808]]]}},{"type":"Feature","properties":{"golf":"lateral_water_hazard"},"geometry":{"type":"Polygon","coordinates":[[[-70.8923545,47.0753977],[-70.8926819,47.0751518],[-70.892933,47.0749944],[-70.8928736,47.0748252],[-70.8927434,47.0747729],[-70.8926372,47.0747543],[-70.8925192,47.0748098],[-70.8924054,47.0747696],[-70.8918902,47.0752548],[-70.8917821,47.075428],[-70.8917948,47.0756879],[-70.8918839,47.0756966],[-70.8920238,47.0756446],[-70.8923545,47.0753977]]]}},{"type":"Feature","properties":{"golf":"cartpath"},"geometry":{"type":"Polygon","coordinates":[[[-70.885478,47.0713054],[-70.8854307,47.071331],[-70.8853793,47.0713837],[-70.8853458,47.0714244],[-70.8853413,47.071472],[-70.8853818,47.0715268],[-70.8854113,47.0715746],[-70.8854453,47.0716163],[-70.8854147,47.071677],[-70.8854057,47.071725],[-70.885409,47.0717698],[-70.8854289,47.0718234],[-70.885484,47.0718782],[-70.885549,47.0719607],[-70.8856061,47.0720378],[-70.8856455,47.0720962],[-70.8856956,47.072178],[-70.885795,47.072347],[-70.8859162,47.0724888],[-70.8859943,47.0725784],[-70.8860935,47.0726724],[-70.8861684,47.0727275],[-70.8862543,47.0727617],[-70.8863758,47.0728046],[-70.8864712,47.0728654],[-70.8865269,47.0729075],[-70.886571,47.0729832],[-70.8866105,47.0730697],[-70.8866652,47.0732034],[-70.8867224,47.0733406],[-70.886769,47.0734399],[-70.88682,47.0735454],[-70.8869154,47.0736369],[-70.8870444,47.0737542],[-70.8872064,47.0738867],[-70.8874807,47.0740997],[-70.8876027,47.0741988],[-70.8877704,47.0743483],[-70.8878715,47.0744344],[-70.8879929,47.0745113],[-70.8881351,47.0746234],[-70.8882888,47.0747252],[-70.888416,47.0748066],[-70.8885739,47.0748816],[-70.8886954,47.074933],[-70.8888331,47.0750038],[-70.8889378,47.0750694],[-70.8890886,47.0751978],[-70.8892429,47.0753254],[-70.8893689,47.0754419],[-70.8895078,47.0755517],[-70.8896109,47.0756681],[-70.8897002,47.0757547],[-70.8897587,47.0758324],[-70.8897723,47.0759197],[-70.8897474,47.0759955],[-70.8897396,47.0760756],[-70.8897711,47.0761572],[-70.8898182,47.0762372],[-70.889926,47.0763096],[-70.8900171,47.0763369],[-70.8902214,47.0764021],[-70.8904133,47.0764778],[-70.8905201,47.0765315],[-70.8906342,47.0766103],[-70.8907938,47.0767029],[-70.8909225,47.0767738],[-70.8910339,47.0768438],[-70.891164,47.076895],[-70.8913016,47.0769006],[-70.8913372,47.0769349],[-70.8913622,47.0769927],[-70.8914019,47.0770405],[-70.8914663,47.0771609],[-70.8915817,47.0772797],[-70.8917158,47.0773997],[-70.885478,47.0713054]]]}},{"type":"Feature","properties":{"golf":"cartpath"},"geometry":{"type":"Polygon","coordinates":[[[-70.890193,47.0720878],[-70.8902455,47.0721261],[-70.890649,47.0724098],[-70.8917464,47.0733919],[-70.8931042,47.0745423],[-70.8932802,47.074751],[-70.890193,47.0720878]]]}},{"type":"Feature","properties":{"golf":"cartpath"},"geometry":{"type":"Polygon","coordinates":[[[-70.8893163,47.0707816],[-70.8891178,47.0708103],[-70.8889341,47.0708137],[-70.8888249,47.0708238],[-70.8887132,47.0708416],[-70.8886872,47.0708872],[-70.8886673,47.0709853],[-70.8885879,47.0712523],[-70.8885395,47.071309],[-70.8884142,47.0713724],[-70.8883025,47.0713833],[-70.8882243,47.0713724],[-70.8880357,47.0713233],[-70.8877888,47.0713031],[-70.887342,47.0713386],[-70.8865975,47.0714772],[-70.8893163,47.0707816]]]}},{"type":"Feature","properties":{"golf":"cartpath"},"geometry":{"type":"Polygon",