{"holes":{"Main_1":{"track":"Main","ref":"1","line":[[-77.4951481,44.502306],[-77.49618,44.5020772],[-77.496852,44.5017177],[-77.4975414,44.5015221],[-77.4980084,44.5015098]],"tee":[-77.4951481,44.502306],"green":[-77.4980084,44.5015098],"bounds":[-77.4980084,44.5015098,-77.4951481,44.502306]},"Main_2":{"track":"Main","ref":"2","line":[[-77.4973363,44.5013282],[-77.4984705,44.5010692],[-77.5002347,44.5009987]],"tee":[-77.4973363,44.5013282],"green":[-77.5002347,44.5009987],"bounds":[-77.5002347,44.5009987,-77.4973363,44.5013282]},"Main_3":{"track":"Main","ref":"3","line":[[-77.4995916,44.5006247],[-77.4982657,44.5008585],[-77.4959395,44.5013608],[-77.4954113,44.5016003]],"tee":[-77.4995916,44.5006247],"green":[-77.4954113,44.5016003],"bounds":[-77.4995916,44.5006247,-77.4954113,44.5016003]},"Main_4":{"track":"Main","ref":"4","line":[[-77.4950184,44.5013036],[-77.4974501,44.5007222]],"tee":[-77.4950184,44.5013036],"green":[-77.4974501,44.5007222],"bounds":[-77.4974501,44.5007222,-77.4950184,44.5013036]},"Main_5":{"track":"Main","ref":"5","line":[[-77.4966184,44.5005582],[-77.4980404,44.5002576],[-77.4986521,44.5003133],[-77.4994738,44.5003689]],"tee":[-77.4966184,44.5005582],"green":[-77.4994738,44.5003689],"bounds":[-77.4994738,44.5002576,-77.4966184,44.5005582]},"Main_6":{"track":"Main","ref":"6","line":[[-77.4999585,44.5002487],[-77.5000348,44.4994764],[-77.5005466,44.4989392],[-77.500827,44.4986764]],"tee":[-77.4999585,44.5002487],"green":[-77.500827,44.4986764],"bounds":[-77.500827,44.4986764,-77.4999585,44.5002487]},"Main_7":{"track":"Main","ref":"7","line":[[-77.5014303,44.4988267],[-77.5039901,44.4986311]],"tee":[-77.5014303,44.4988267],"green":[-77.5039901,44.4986311],"bounds":[-77.5039901,44.4986311,-77.5014303,44.4988267]},"Main_8":{"track":"Main","ref":"8","line":[[-77.5043707,44.4985624],[-77.5045782,44.4974432]],"tee":[-77.5043707,44.4985624],"green":[-77.5045782,44.4974432],"bounds":[-77.5045782,44.4974432,-77.5043707,44.4985624]},"Main_9":{"track":"Main","ref":"9","line":[[-77.5039506,44.4976107],[-77.502174,44.4982011],[-77.5016502,44.4983139],[-77.5012919,44.4983156]],"tee":[-77.5039506,44.4976107],"green":[-77.5012919,44.4983156],"bounds":[-77.5039506,44.4976107,-77.5012919,44.4983156]},"Main_10":{"track":"Main","ref":"10","line":[[-77.5005083,44.4984014],[-77.4991208,44.4995214],[-77.4980948,44.4999035]],"tee":[-77.5005083,44.4984014],"green":[-77.4980948,44.4999035],"bounds":[-77.5005083,44.4984014,-77.4980948,44.4999035]},"Main_11":{"track":"Main","ref":"11","line":[[-77.4985381,44.4990951],[-77.4968748,44.5001701]],"tee":[-77.4985381,44.4990951],"green":[-77.4968748,44.5001701],"bounds":[-77.4985381,44.4990951,-77.4968748,44.5001701]},"Main_12":{"track":"Main","ref":"12","line":[[-77.496776,44.4992899],[-77.4962867,44.5004443],[-77.4960372,44.5006363],[-77.4946983,44.500851]],"tee":[-77.496776,44.4992899],"green":[-77.4946983,44.500851],"bounds":[-77.496776,44.4992899,-77.4946983,44.500851]}},"polygons":{"type":"FeatureCollection","features":[{"type":"Feature","properties":{"golf":"water_hazard"},"geometry":{"type":"Polygon","coordinates":[[[-77.4989963,44.5015024],[-77.4991572,44.5014374],[-77.4991679,44.5013953],[-77.4990445,44.5012958],[-77.4987656,44.5014488],[-77.498669,44.5014259],[-77.4985778,44.5013264],[-77.4984652,44.5013226],[-77.4983686,44.5013761],[-77.4982989,44.5014948],[-77.4982989,44.5016822],[-77.4984223,44.5016861],[-77.4988675,44.5015789],[-77.4989963,44.5015024]]]}}]},"center":[-77.49867261538462,44.498929230769235],"bounds":[[-77.4991679,44.5012958],[-77.4982989,44.5016861]]}