{"holes":{"Main_17":{"track":"Main","ref":"17","line":[[-75.8777514,45.3455374],[-75.8776125,45.3455498]],"tee":[-75.8777514,45.3455374],"green":[-75.8776125,45.3455498],"bounds":[-75.8777514,45.3455374,-75.8776125,45.3455498]},"Main_15":{"track":"Main","ref":"15","line":[[-75.8778781,45.3456175],[-75.8777123,45.3455998]],"tee":[-75.8778781,45.3456175],"green":[-75.8777123,45.3455998],"bounds":[-75.8778781,45.3455998,-75.8777123,45.3456175]},"Main_16":{"track":"Main","ref":"16","line":[[-75.8777029,45.3455748],[-75.8778028,45.3455465]],"tee":[-75.8777029,45.3455748],"green":[-75.8778028,45.3455465],"bounds":[-75.8778028,45.3455465,-75.8777029,45.3455748]},"Main_14":{"track":"Main","ref":"14","line":[[-75.877829,45.3455096],[-75.877909,45.3455904]],"tee":[-75.877829,45.3455096],"green":[-75.877909,45.3455904],"bounds":[-75.877909,45.3455096,-75.877829,45.3455904]},"Main_12":{"track":"Main","ref":"12","line":[[-75.8780147,45.3454759],[-75.8779604,45.3455969]],"tee":[-75.8780147,45.3454759],"green":[-75.8779604,45.3455969],"bounds":[-75.8780147,45.3454759,-75.8779604,45.3455969]},"Main_13":{"track":"Main","ref":"13","line":[[-75.8779347,45.3455674],[-75.8779464,45.3455046],[-75.8778623,45.3454972]],"tee":[-75.8779347,45.3455674],"green":[-75.8778623,45.3454972],"bounds":[-75.8779464,45.3454972,-75.8778623,45.3455674]},"Main_11":{"track":"Main","ref":"11","line":[[-75.8779172,45.345446],[-75.8779948,45.3454423],[-75.8779966,45.3454632]],"tee":[-75.8779172,45.345446],"green":[-75.8779966,45.3454632],"bounds":[-75.8779966,45.3454423,-75.8779172,45.3454632]},"Main_10":{"track":"Main","ref":"10","line":[[-75.8777963,45.3454784],[-75.8778296,45.3454455],[-75.8778565,45.345439],[-75.8778833,45.3454455],[-75.8779055,45.345471]],"tee":[-75.8777963,45.3454784],"green":[-75.8779055,45.345471],"bounds":[-75.8779055,45.345439,-75.8777963,45.3454784]},"Main_8":{"track":"Main","ref":"8","line":[[-75.8777111,45.3454689],[-75.877637,45.3454993]],"tee":[-75.8777111,45.3454689],"green":[-75.877637,45.3454993],"bounds":[-75.8777111,45.3454689,-75.877637,45.3454993]},"Main_9":{"track":"Main","ref":"9","line":[[-75.8776487,45.3455214],[-75.8777788,45.3454948]],"tee":[-75.8776487,45.3455214],"green":[-75.8777788,45.3454948],"bounds":[-75.8777788,45.3454948,-75.8776487,45.3455214]},"Main_6":{"track":"Main","ref":"6","line":[[-75.8778915,45.3454271],[-75.8778109,45.3454033]],"tee":[-75.8778915,45.3454271],"green":[-75.8778109,45.3454033],"bounds":[-75.8778915,45.3454033,-75.8778109,45.3454271]},"Main_7":{"track":"Main","ref":"7","line":[[-75.8777782,45.3453795],[-75.8777672,45.3454624]],"tee":[-75.8777782,45.3453795],"green":[-75.8777672,45.3454624],"bounds":[-75.8777782,45.3453795,-75.8777672,45.3454624]},"Main_5":{"track":"Main","ref":"5","line":[[-75.8778711,45.3453598],[-75.8779376,45.3453737],[-75.8779481,45.3454049]],"tee":[-75.8778711,45.3453598],"green":[-75.8779481,45.3454049],"bounds":[-75.8779481,45.3453598,-75.8778711,45.3454049]},"Main_3":{"track":"Main","ref":"3","line":[[-75.8776954,45.3454033],[-75.8777479,45.3453323]],"tee":[-75.8776954,45.3454033],"green":[-75.8777479,45.3453323],"bounds":[-75.8777479,45.3453323,-75.8776954,45.3454033]},"Main_2":{"track":"Main","ref":"2","line":[[-75.8776224,45.3454451],[-75.8777193,45.3454304]],"tee":[-75.8776224,45.3454451],"green":[-75.8777193,45.3454304],"bounds":[-75.8777193,45.3454304,-75.8776224,45.3454451]},"Main_1":{"track":"Main","ref":"1","line":[[-75.877508,45.3454747],[-75.877606,45.3454767]],"tee":[-75.877508,45.3454747],"green":[-75.877606,45.3454767],"bounds":[-75.877606,45.3454747,-75.877508,45.3454767]},"Main_18":{"track":"Main","ref":"18","line":[[-75.8775792,45.345519],[-75.8774689,45.3455104],[-75.8774531,45.3455128],[-75.8774513,45.345521]],"tee":[-75.8775792,45.345519],"green":[-75.8774513,45.345521],"bounds":[-75.8775792,45.3455104,-75.8774513,45.345521]},"Main_4":{"track":"Main","ref":"4","line":[[-75.8778162,45.3453089],[-75.8778588,45.3452917],[-75.8778874,45.3453221]],"tee":[-75.8778162,45.3453089],"green":[-75.8778874,45.3453221],"bounds":[-75.8778874,45.3452917,-75.8778162,45.3453221]}},"polygons":{"type":"FeatureCollection","features":[{"type":"Feature","properties":{"golf":"bunker"},"geometry":{"type":"Polygon","coordinates":[[[-75.8762157,45.344078],[-75.8761211,45.343964],[-75.8759657,45.3440091],[-75.8760434,45.3441326],[-75.8762157,45.344078]]]}},{"type":"Feature","properties":{"golf":"bunker"},"geometry":{"type":"Polygon","coordinates":[[[-75.8772363,45.3438594],[-75.8771349,45.3437502],[-75.8769896,45.3438143],[-75.8770876,45.3439355],[-75.8772363,45.3438594]]]}},{"type":"Feature","properties":{"golf":"bunker"},"geometry":{"type":"Polygon","coordinates":[[[-75.876209,45.3448546],[-75.8761448,45.3447525],[-75.8760231,45.3447905],[-75.8760806,45.3448903],[-75.876209,45.3448546]]]}},{"type":"Feature","properties":{"golf":"bunker"},"geometry":{"type":"Polygon","coordinates":[[[-75.8783327,45.3454318],[-75.8782826,45.3453576],[-75.8782585,45.3452859],[-75.8782326,45.3452612],[-75.8781751,45.3452534],[-75.878151,45.345269],[-75.878151,45.3453081],[-75.8782363,45.3454305],[-75.8782826,45.3454474],[-75.878316,45.3454448],[-75.8783327,45.3454318]]]}},{"type":"Feature","properties":{"golf":"tee"},"geometry":{"type":"Polygon","coordinates":[[[-75.8791073,45.3441949],[-75.8790926,45.3441659],[-75.8790382,45.3441649],[-75.8783883,45.3448775],[-75.8784567,45.3449083],[-75.8791073,45.3441949]]]}},{"type":"Feature","properties":{"golf":"tee"},"geometry":{"type":"Polygon","coordinates":[[[-75.8764341,45.3456122],[-75.8767391,45.345584],[-75.8769825,45.3455201],[-75.8770934,45.3454887],[-75.8771566,45.3454454],[-75.8773953,45.345348],[-75.8774708,45.3453166],[-75.8775571,45.3452668],[-75.8776832,45.3451809],[-75.8778355,45.3450538],[-75.8781317,45.344799],[-75.878087,45.3447741],[-75.877648,45.3451444],[-75.877514,45.3452397],[-75.8773799,45.3453188],[-75.8771381,45.3454216],[-75.876887,45.345492],[-75.876662,45.3455396],[-75.8764171,45.3455689],[-75.8764341,45.3456122]]]}}]},"center":[-75.87667410000002,45.34440483529411],"bounds":[[-75.8791073,45.3437502],[-75.8759657,45.3456122]]}